division,region,area,branch_name,ao_no,prg_no,no_disb,disbamt,no_overdue,overdue_amt,tot_out_amt,no_repeat_loan,repeat_loan_amt,no_new_loan,new_loan_amt,no_disb_less_10k,amt_disb_less_10k,no_disb_10k_20k,amt_disb_10k_20k,no_disb_10_1k_30k,amt_disb_10_1k_30k,no_disb_20_1k_30k,amt_disb_20_1k_30k,no_disb_30_1k_50k,amt_disb_30_1k_50k,no_disb_50_1k_80k,amt_disb_50_1k_80k,no_disb_80_1k_100k,amt_disb_80_1k_100k,no_disb_80_1k_100k_2,amt_disb_80_1k_100k_2,current_borr,no_curr_to_late,curr_to_late_amt,new_ad_member,branch_cate,branch_cate_2
Central-1,Bhairab,Belabo,Belabo,1113,279,6432,314951527,714,8148116,73444600,90,5760000,47,2075000,0,0,11,200000,26,665000,16,475000,60,2860000,0,0,13,1290000,13,1290000,2724,9,208878,49,1,NULL
Central-1,Bhairab,Belabo,Kachikata/Narsingdi,444,279,4723,236034528,291,3397020,52561349,69,4385000,27,1220000,0,0,10,190000,21,530000,12,350000,35,1635000,0,0,8,800000,8,800000,1786,5,60354,23,3,NULL
Central-1,Bhairab,Pakundia,Pakundia,301,279,5055,207044091,324,2627082,48580371,91,4975000,22,740000,0,0,21,345000,38,965000,23,680000,35,1660000,0,0,12,1200000,12,1200000,1936,3,50339,27,3,NULL
Central-1,Gazipur,Kapasia,Kapasia/Gazipur,242,279,2863,157843405,208,3207643,36998472,41,2514727,34,1560000,0,0,7,135000,16,400000,9,265000,32,1515000,0,0,9,900000,9,900000,1179,NULL,NULL,39,2,NULL
Central-1,Gazipur,Sreepur,Sreepur,243,279,5470,295056986,653,11096763,62453643,64,4735000,56,2400000,0,0,3,60000,17,480000,14,420000,62,2900000,0,0,7,690000,7,690000,2290,NULL,NULL,67,1,NULL
Central-1,Manikgonj,Manikgonj Sadar,Manikgonj Sadar,446,279,5148,277016673,404,6100446,66728076,83,4710000,45,1885000,0,0,27,410000,39,970000,23,670000,38,1755000,0,0,11,1100000,11,1100000,1955,4,163147,50,2,NULL
Central-1,Manikgonj,Saturia,Saturia,647,279,2948,151259026,178,2800172,35102387,49,3055000,6,180000,0,0,13,220000,22,545000,12,355000,12,550000,0,0,5,500000,5,500000,1026,NULL,NULL,12,3,NULL
Central-1,Narsingdi,Hatirdia,Hatirdia,501,279,4911,278195834,369,6346853,64929061,83,6821295,53,2540000,0,0,12,190000,27,705000,19,555000,41,1937939,0,0,16,1600000,16,1600000,1986,NULL,NULL,58,2,NULL
Central-1,Narsingdi,Narsingdi,Narsingdi Sadar,811,279,4966,238142528,439,5612679,54061453,61,3013728,65,2680000,2,12028,10,165284,41,1135284,33,990000,58,2642403,0,0,7,689902,7,689902,2194,4,60237,72,2,NULL
Central-1,Narsingdi,Palash,Palash,1102,279,5538,290188487,478,6772217,71269469,64,3985094,45,2460000,3,25460,10,174792,19,425291,9,250499,38,1754343,0,0,15,1480000,15,1480000,2192,7,250613,55,2,NULL
Central-1,Narsingdi,Raipura,Raipura,5102,279,6337,375605539,248,3908310,87919219,95,7427652,49,2660000,1,9405,11,199755,26,659755,16,470000,42,2005000,0,0,25,2489750,25,2489750,2374,1,971,61,4,NULL
Central-1,Narsingdi,Shibpur,Shibpur,429,279,6141,310052391,357,5079895,78557770,115,7442463,63,2955000,3,18196,17,288019,32,805520,19,557501,68,3288747,0,0,21,2090000,21,2090000,2326,1,4487,65,3,NULL
Central-1,Savar,Singair,Singair,289,279,4487,236085847,207,3681124,54165435,76,4608403,28,1450000,1,5000,14,228403,21,513403,11,325000,38,1820000,0,0,9,890000,9,890000,1543,NULL,NULL,41,3,NULL
Central-1,Tangail-1,Baghil,Aynapur,5693,279,3582,187598335,334,4334248,43152335,75,4325815,19,942000,0,0,8,137318,25,626175,18,498857,29,1266640,0,0,15,1490000,15,1490000,1321,1,11710,24,2,NULL
Central-1,Tangail-1,Mirzapur,Mirzapur,425,279,3734,185041618,350,4579346,42860200,59,3593214,24,985000,0,0,10,180000,15,365000,7,205000,36,1644919,0,0,7,700000,7,700000,1435,5,130001,28,1,NULL
Central-1,Tangail-1,Tangail Sadar,Tangail Sadar,203,279,2480,117719926,286,3758570,25838750,32,2155000,13,490000,0,0,11,170000,12,240000,3,90000,15,700000,0,0,3,300000,3,300000,971,2,15475,17,1,NULL
Central-1,Tangail-2,Bashail,Bashail,304,279,1467,70668276,94,1071016,17490346,22,1137000,14,710000,0,0,6,105000,9,212000,4,117000,15,720000,0,0,2,200000,2,200000,606,NULL,NULL,19,3,NULL
Central-1,Tangail-2,Kalihati,Kalihati,204,279,3499,189734447,247,4270079,40566601,55,3865000,29,1505000,0,0,10,180000,16,390000,8,230000,26,1250000,0,0,21,2100000,21,2100000,1368,1,103,32,2,NULL
Central-1,Tangail-2,Ratanganj,Auliabad,9977,279,2992,175489403,285,4480278,43207459,71,5518188,22,1044000,0,0,13,214000,17,364999,6,170999,33,1596189,0,0,17,1690000,17,1690000,1223,5,79899,28,2,NULL
Central-2,Jamalpur,Jamalpur Sadar,Jamalpur Sadar,443,279,6443,256553348,319,3054050,65355644,146,7390000,65,1870000,0,0,32,600000,89,2305000,59,1725000,73,3325000,0,0,8,785000,8,785000,2523,4,52695,64,4,NULL
Central-2,Jamalpur,Malandha,Islampur,5674,279,6522,234543195,147,1386569,60473112,135,6494897,74,2375000,0,0,33,618000,85,2144897,55,1556897,86,3975000,0,0,7,675000,7,675000,2723,1,6712,76,5,NULL
Central-2,Jamalpur,Malandha,Malandha,5672,279,6762,260071318,227,2114236,70327127,174,9237360,85,2810000,0,0,33,619183,98,2489183,67,1890000,98,4455000,0,0,12,1170000,12,1170000,2748,2,7153,88,5,NULL
Central-2,Jamalpur,Nandina,Nandina,460,279,5758,224022117,302,3369953,51712145,135,6532000,51,1420000,0,0,27,482000,78,2057000,55,1615000,66,3005000,0,0,7,690000,7,690000,2192,4,90305,68,3,NULL
Central-2,Kishoregonj,Hossainpur,Hossenpur,302,279,6624,293182509,116,1239435,75373323,119,6369042,67,2820000,3,14042,26,490000,64,1635000,40,1165000,63,2820000,0,0,19,1890000,19,1890000,2523,2,12498,65,5,NULL
Central-2,Kishoregonj,Katiadi,Katiadi,507,279,6076,320174376,257,3378669,70497573,118,7535000,40,1385000,0,0,17,310000,50,1330000,35,1040000,47,2245000,0,0,20,2000000,20,2000000,2311,3,69883,46,4,NULL
Central-2,Kishoregonj,Kishoregonj Sadar,Kishoregonj Sadar,508,279,5292,228808634,401,3770058,55571630,96,5015000,32,1055000,0,0,15,285000,47,1225000,32,940000,44,2040000,0,0,8,800000,8,800000,2178,10,106454,33,3,NULL
Central-2,Netrokona-1,Madan,Balali Bazar,8880,279,2053,68960982,109,1186178,16210622,38,1565000,12,365000,0,0,10,190000,19,470000,10,290000,23,1005000,0,0,0,0,0,0,853,NULL,NULL,16,3,NULL
Central-2,Netrokona-1,Madan,Madan,1471,279,7782,294151277,241,2155974,75438324,183,8555000,63,2150000,6,30000,32,570000,93,2445000,65,1915000,88,3960000,0,0,12,1180000,12,1180000,2832,3,35002,67,5,NULL
Central-2,Netrokona-1,Netrakona Sadar,Netrakona Sadar,273,279,6904,312948191,531,7039819,76931709,149,8555000,80,3045000,0,0,18,350000,67,1815000,50,1475000,94,4325000,0,0,14,1380000,14,1380000,2788,4,29294,85,2,NULL
Central-2,Netrokona-1,Tarail,Tarail,521,279,4894,169540944,283,2471576,46451357,112,5032621,52,1635000,2,12621,26,475000,70,1815000,46,1360000,61,2715000,0,0,4,400000,4,400000,1966,3,43647,53,3,NULL
Central-2,Netrokona-2,Kalmakanda,Kalmakanda,353,279,5376,213614449,248,3011315,50488018,117,5680000,37,1015000,0,0,23,450000,71,1855000,48,1405000,53,2320000,0,0,5,500000,5,500000,2099,7,83942,42,3,NULL
Central-2,Netrokona-2,Mohangonj,Chesrakhali,1451,279,3684,124051757,208,1943426,30481997,58,2168927,23,720000,0,0,12,234529,45,1203927,33,969398,29,1255000,0,0,0,0,0,0,1577,3,25255,28,3,NULL
Central-2,Netrokona-2,Mohangonj,Mohangonj,351,279,5606,191653000,463,3763167,45033017,91,3751000,43,1230000,0,0,16,305000,70,1886000,54,1581000,50,2140000,0,0,2,190000,2,190000,2443,6,85761,39,3,NULL
Central-2,Sherpur,Bokshigonj,Bokshigonj,453,279,7850,261038266,239,1650352,61502489,163,6933000,56,1655000,0,0,39,748000,100,2548000,62,1810000,81,3460000,0,0,3,290000,3,290000,2759,5,59652,58,5,NULL
Central-2,Sherpur,Bokshigonj,Sreebordi,449,279,5736,196736859,138,1032733,49526540,135,5996000,54,1485000,0,0,30,551000,101,2641000,71,2090000,55,2390000,0,0,7,680000,7,680000,2340,NULL,NULL,47,5,NULL
Central-2,Sherpur,Jhenaigati,Dhanshail,437,279,3364,119391552,86,572134,33585725,76,3440000,52,1480000,0,0,21,415000,62,1610000,41,1195000,47,1970000,0,0,1,100000,1,100000,1412,NULL,NULL,48,5,NULL
Central-2,Sherpur,Jhenaigati,Jhenaigati,442,279,5993,217020396,117,822030,50996590,104,4284000,50,1527000,0,0,25,471000,82,2141000,57,1670000,46,1895000,0,0,2,180000,2,180000,2070,2,32551,50,5,NULL
Central-2,Sherpur,Nakla,Nakla,488,279,6352,225027303,71,714146,54761050,135,5627000,75,2152000,0,0,40,764000,105,2609000,66,1855000,84,3675000,0,0,4,390000,4,390000,2716,NULL,NULL,67,5,NULL
Central-2,Sherpur,Nalitabari,Nalitabari,448,279,5489,163318451,191,1775764,38497601,119,4661000,50,1205000,0,0,45,878000,98,2413000,53,1535000,56,2473000,0,0,2,190000,2,190000,2221,2,20573,43,4,NULL
Central-2,Sherpur,Sherpur Sadar,Sherpur Sadar,467,279,6241,207163209,231,1520131,51487630,112,4763000,50,1277000,0,0,20,385000,75,1850000,55,1465000,70,3120000,0,0,1,100000,1,100000,2674,2,1442,50,5,NULL
Central-2,Tangail-3,Dhanbari,Dhanbari,1319,279,4181,167671646,405,4263001,48368235,68,3890459,33,1350000,1,9850,13,215000,20,495609,11,320609,41,1905000,0,0,8,780000,8,780000,1988,3,18591,37,2,NULL
Central-2,Tangail-3,Ghatail,Ghatail,202,279,4171,246198858,227,3715444,58660923,83,5973173,41,1740000,0,0,16,270000,28,705314,17,485314,46,2174889,0,0,18,1780000,18,1780000,1574,1,32942,52,3,NULL
Central-2,Tangail-3,Gopalpur,Gopalpur,5687,279,4417,210264629,178,2482242,54958889,99,6015237,36,1680000,4,27498,10,184107,31,799107,21,615000,53,2483632,0,0,15,1500000,15,1500000,1691,NULL,NULL,31,4,NULL
Central-2,Tangail-3,Sarishabari,Sarishabari,519,279,6266,272643322,214,2680695,68485693,165,9048655,50,1910000,1,6891,41,701764,84,2116764,51,1495000,59,2730000,0,0,20,2000000,20,2000000,2460,NULL,NULL,43,4,NULL
Coastal,Feni-2,Senbag,Senbag,348,279,4739,287262059,436,6150827,71933107,90,5791236,27,1545000,3,19004,13,216951,22,482967,10,276016,34,1473452,0,0,18,1790000,18,1790000,2039,NULL,NULL,35,2,NULL
Coastal,Feni-2,Sonaimuri,Sonaimuri,1345,279,5755,378821832,609,8353693,95443402,73,5220790,56,3465000,5,36584,3,56130,16,425101,13,368971,49,2362874,0,0,33,3275000,33,3275000,2446,5,178429,56,2,NULL
Coastal,Noakhali,Begumgonj,Begumgonj,245,279,5335,276590303,307,3106014,62659819,86,5360175,44,2035000,0,0,15,270175,26,630175,13,380000,49,2305000,0,0,16,1590000,16,1590000,2123,NULL,NULL,48,4,NULL
Dhaka Urban,Munshigonj,Sirajdikhan,Sirajdikhan,802,279,4199,248321017,238,4478605,63051634,65,4743458,26,1380000,0,0,9,135000,14,360000,9,265000,30,1385000,0,0,14,1388458,14,1388458,1689,1,23466,42,3,NULL
Dhaka Urban,Munshigonj,Sreenagar,Sreenagar,234,279,5049,264298277,364,4575816,64953957,81,5640000,36,1545000,0,0,10,190000,28,740000,19,560000,34,1640000,0,0,9,900000,9,900000,2101,NULL,NULL,32,3,NULL
Dhaka Urban,Munshigonj,Tongibari,Tongibari,810,279,5063,305301364,439,6261360,79633379,72,5457082,79,3640000,0,0,14,240000,33,847082,22,637082,51,2435000,0,0,12,1200000,12,1200000,2211,2,1191,85,3,NULL
Dhaka Urban,Uttara,Kaligonj,Kaligonj Sadar,294,279,1791,76172482,61,630707,14873117,14,741102,10,330000,1,9232,8,121870,7,151870,2,60000,6,280000,0,0,2,200000,2,200000,822,NULL,NULL,21,4,NULL
East,Chandpur-1,Chandpur Sadar,Chandpur Sadar,551,279,6888,366346003,447,5730945,87083396,106,7206457,56,3215000,1,5000,16,290000,37,932349,23,662349,53,2514108,0,0,36,3590000,36,3590000,2445,11,166435,82,3,NULL
East,Chandpur-1,Matlab,Matlab,534,279,5122,270165723,344,4104056,65691445,75,4934914,67,3290000,0,0,15,255000,28,710000,17,495000,58,2764697,0,0,15,1500000,15,1500000,2065,NULL,NULL,94,3,NULL
East,Chandpur-2,Hajigonj,Hajigonj,262,279,4496,251930411,267,3313157,65547197,88,6717279,52,3000000,2,19053,4,80000,23,640304,19,560304,51,2426040,0,0,20,1980000,20,1980000,1951,NULL,NULL,58,4,NULL
East,Chandpur-3,Laksam,Laksam,561,279,6302,353347371,335,4599726,74325639,126,8049375,71,2970000,1,5091,26,453998,49,1223998,28,820000,78,3611190,0,0,23,2300000,23,2300000,2430,3,30364,78,3,NULL
East,Chandpur-3,Nangalkot,Nangalkot,562,279,7635,456241000,180,1739059,113375533,171,12698000,73,3460000,0,0,31,545000,47,1118000,22,633000,66,3075000,0,0,43,4290000,43,4290000,2773,2,21084,72,5,NULL
East,Chandpur-3,Shahrasti,Saharasti,566,279,4250,234857439,245,3339246,53633404,62,4748963,44,2225000,0,0,9,165000,18,445000,10,290000,35,1665000,0,0,20,2000000,20,2000000,1582,NULL,NULL,52,3,NULL
East,Cumilla-1,Barura,Barura,548,279,3194,167033387,262,3167054,41433036,54,3460000,19,970000,0,0,5,95000,16,420000,11,325000,29,1420000,0,0,12,1190000,12,1190000,1364,5,101771,18,3,NULL
East,Cumilla-1,Chandina,Chandina,550,279,4486,370990147,383,8531251,92892872,69,7150000,25,1670000,0,0,4,70000,9,235000,6,175000,21,1020000,0,0,27,2690000,27,2690000,1781,1,16089,29,2,NULL
East,Cumilla-1,Chandina,Mohonpur,9100,279,5569,386900383,346,5804946,90141227,108,10085312,37,2620000,0,0,9,165000,23,595000,15,440000,33,1580312,0,0,36,3600000,36,3600000,2024,1,8620,39,3,NULL
East,Cumilla-1,Nawabpur,Nawabpur,1295,279,7087,459540204,448,5328998,123953115,158,11744037,59,3410000,0,0,27,434519,46,1094519,25,720000,58,2738570,0,0,46,4590000,46,4590000,2719,11,358983,72,4,NULL
East,Cumilla-3,Burichang,Burichang,369,279,3836,260761746,344,6392417,69698015,66,5954005,58,3675000,0,0,11,198618,20,474590,10,285972,40,1924960,0,0,30,2979300,30,2979300,1566,NULL,NULL,64,2,NULL
East,Cumilla-3,Debidwar,Debidwar,213,279,5620,356583266,286,4400455,87385218,91,8606776,51,3045000,0,0,14,240000,23,566582,12,356582,38,1739986,0,0,31,3090130,31,3090130,2198,1,34241,68,4,NULL
East,Cumilla-4,Daudkandi,Daudkandi,395,279,4648,302403750,207,3947414,63374021,73,6995140,33,1725000,2,11727,9,161696,18,416696,9,255000,33,1560000,0,0,16,1600000,16,1600000,1530,NULL,NULL,42,3,NULL
East,Laxmipur,Chatkhil,Chatkhil,1368,279,4173,199889604,160,1524289,48625743,68,4095000,27,1290000,0,0,13,220000,27,705000,18,525000,29,1370000,0,0,20,2000000,20,2000000,1548,NULL,NULL,44,5,NULL
North,Dinajpur-1,Birol,Birol,238,279,5590,196902010,208,1943098,44723153,112,4785000,21,580000,0,0,30,529000,58,1375000,32,886000,49,2220000,0,0,4,355000,4,355000,2048,1,4341,19,4,NULL
North,Dinajpur-1,Birol,Kaligonj,1338,279,1,10000,0,0,0,0,0,0,0,0,0,0,0,0,0,0,0,0,0,0,0,0,0,0,0,NULL,NULL,NULL,NULL,NULL,NULL
North,Dinajpur-1,Dinajpur Sadar,Dinajpur Sadar,556,279,5447,202042438,321,3346138,53830822,124,6047000,71,2595000,1,7000,29,491000,67,1731000,45,1310000,75,3439000,0,0,3,285000,3,285000,2164,3,48132,68,3,NULL
North,Dinajpur-1,Kaharul,Kaharul,312,279,4341,146286000,214,1674487,36259385,119,5107000,30,840000,0,0,33,572000,71,1722000,41,1180000,43,1845000,0,0,6,580000,6,580000,1716,2,23867,32,4,NULL
North,Dinajpur-1,Kaharul,Kantonagar,1412,279,4222,136154000,215,2246862,34160712,97,3856000,35,855000,0,0,36,632000,69,1672000,38,1090000,47,2099000,0,0,3,300000,3,300000,1726,1,25553,30,3,NULL
North,Dinajpur-1,Ranigonj,Ranigonj,527,279,3512,109429129,255,2072061,26889212,45,1786000,28,743000,0,0,24,433000,46,1074000,22,641000,16,670000,0,0,2,200000,2,200000,1616,3,50514,25,3,NULL
North,Dinajpur-2,Bhabanipur,Bhabanipur,549,279,4910,156774087,265,1944799,40576898,125,5533087,30,815000,0,0,27,482087,66,1614087,40,1142000,62,2725000,0,0,3,290000,3,290000,1904,1,6677,35,4,NULL
North,Dinajpur-2,Birampur,Birampur,255,279,4908,178925953,331,3465458,38419093,85,3821000,17,500000,0,0,16,279000,38,934000,22,655000,41,1852000,0,0,1,100000,1,100000,1838,5,80299,25,2,NULL
North,Dinajpur-2,Birampur,Ketrarhat,1355,279,4301,166962777,104,1165405,43050911,138,5586000,37,1190000,0,0,47,833000,79,1847000,37,1064000,53,2294000,0,0,4,400000,4,400000,1564,1,11306,35,5,NULL
North,Dinajpur-2,Fulbari,Ambari,2243,279,5580,198356839,160,1730808,47334616,167,7475692,40,1074000,0,0,37,654000,81,1985692,48,1371692,87,3854000,0,0,7,690000,7,690000,2061,1,16157,43,4,NULL
North,Dinajpur-2,Fulbari,Fulbari,528,279,5344,178870689,266,2488247,40584081,139,5810000,40,1448000,1,5000,39,687000,82,2018000,48,1381000,53,2285000,0,0,9,890000,9,890000,1912,2,13659,41,3,NULL
North,Dinajpur-2,Ghoraghat,Ghoraghat,254,279,4047,133762390,205,1680169,33332979,67,2697000,32,855000,0,0,22,397000,53,1322000,33,945000,31,1350000,0,0,1,90000,1,90000,1711,3,22756,34,4,NULL
North,Dinajpur-2,Hakimpur,Hakimpur,314,279,3423,125047708,190,2238153,30698901,67,2940000,35,1081000,0,0,20,376000,51,1301000,32,935000,33,1410000,0,0,4,385000,4,385000,1538,NULL,NULL,26,3,NULL
North,Dinajpur-2,Nawabgonj,Nowabgonj,253,279,4443,160057735,190,1637451,39700930,95,3906000,37,994000,0,0,33,576000,67,1605000,39,1079000,41,1820000,0,0,1,100000,1,100000,1678,NULL,NULL,41,4,NULL
North,Lalmonirhat,Aditmari,Aditmari,225,279,5354,184994000,562,5721085,49646038,82,3694000,47,1185000,0,0,25,464000,69,1769000,46,1325000,39,1705000,0,0,4,385000,4,385000,2430,14,300090,70,1,NULL
North,Lalmonirhat,Hatibanda Sadar,Hatibanda Sadar,328,279,6420,245072000,1040,15031953,64959979,109,5715000,23,560000,0,0,23,425000,44,1060000,23,655000,45,1970000,0,0,8,760000,8,760000,2964,15,399703,31,1,NULL
North,Lalmonirhat,Kaligonj,Kaligonj Sadar,226,279,4970,167177000,270,2192844,43520690,114,4827000,48,1342000,0,0,36,662000,97,2356000,61,1694000,38,1743000,0,0,3,300000,3,300000,2157,3,15574,57,4,NULL
North,Lalmonirhat,Lalmonirhat,Barobari,1324,279,4228,143846991,287,2733543,38022175,61,3401000,53,1570000,0,0,33,558000,44,1004000,18,516000,38,1672000,0,0,6,600000,6,600000,1769,2,33332,61,3,NULL
North,Lalmonirhat,Lalmonirhat,Lalmonirhat Sadar,224,279,4591,174002937,435,6116618,46098110,67,3839678,53,1715000,1,9678,17,315000,48,1255000,32,950000,38,1770000,0,0,3,290000,3,290000,2027,13,215802,52,1,NULL
North,Lalmonirhat,Patgram,Patgram Sadar,366,279,6923,233099140,202,1030403,70375336,146,6260000,50,1445000,0,0,40,715000,90,2240000,54,1565000,66,2845000,0,0,3,275000,3,275000,2719,5,32223,39,5,NULL
North,Rangpur-1,Darshona,Darshona,402,279,6377,257487972,398,4902553,67346966,112,5663000,66,2410000,0,0,22,371000,64,1663000,45,1322000,69,3150000,0,0,7,690000,7,690000,2363,3,61854,63,3,NULL
North,Rangpur-1,Jalkor,Jalkar,428,279,5869,246536614,283,2206316,54229722,64,3218000,55,1914000,3,25000,11,212000,51,1377000,40,1165000,41,1800000,0,0,2,200000,2,200000,2151,NULL,NULL,55,4,NULL
North,Rangpur-2,Bairatihat,Bairatihat,5665,279,5095,207110562,229,2231815,53079230,133,6819000,46,1405000,0,0,28,479000,60,1479000,36,1040000,63,2785000,0,0,2,190000,2,190000,2029,4,49478,39,4,NULL
North,Rangpur-2,Kawnia,Dhamur Chakla,3016,279,5688,233575198,520,5642701,60318930,82,3733000,58,1825000,0,0,25,450000,61,1530000,37,1090000,51,2158000,0,0,3,300000,3,300000,2386,5,97481,60,2,NULL
North,Rangpur-2,Kawnia,Kawnia Sadar,420,279,4513,149210379,205,1467890,34341540,65,2985000,25,650000,0,0,22,400000,51,1250000,30,860000,17,795000,0,0,4,390000,4,390000,1710,1,40115,35,4,NULL
North,Rangpur-2,Mithapukur,Mithapukur,511,279,5552,179542153,549,4168053,41231772,85,3724701,35,885000,0,0,34,615000,64,1540000,34,965000,29,1244701,0,0,2,200000,2,200000,2267,3,3371,34,2,NULL
North,Rangpur-2,Pirgacha,Pirgacha,166,279,4241,150505736,197,1852714,36381749,56,2551000,47,1230000,0,0,19,340000,53,1345000,36,1025000,33,1406000,0,0,2,185000,2,185000,1768,NULL,NULL,45,4,NULL
North,Rangpur-2,Pirgonj,Pirgonj,167,279,5203,169181000,669,6164620,36782541,71,3057000,34,755000,0,0,34,655000,60,1422000,27,777000,26,1110000,0,0,3,280000,3,280000,2511,4,23501,32,1,NULL
North,Syedpur,Chirirbandar,Chirirbandar,252,279,4596,164149864,357,3061488,36276929,97,4736000,28,810000,0,0,23,414000,51,1257000,31,873000,40,1739000,0,0,9,900000,9,900000,1902,4,80760,42,3,NULL
North,Syedpur,Parbotipur,Parbotipur,537,279,2786,78039476,154,1265838,17751392,44,2125000,30,800000,0,0,11,202000,38,1007000,28,815000,21,933000,0,0,4,380000,4,380000,1304,NULL,NULL,27,3,NULL
North,Syedpur,Ranirbandar,Ranirbandar,236,279,5815,182391383,216,1473027,44157825,140,5624000,43,1055000,0,0,39,684000,89,2176000,54,1532000,64,2709000,0,0,4,370000,4,370000,2190,8,96188,45,5,NULL
North,Thakurgaon,Birgonj,Birgonj,313,279,5378,164964000,189,1779035,39164787,101,3694000,42,853000,0,0,60,1077000,95,2191000,41,1174000,29,1221000,0,0,1,85000,1,85000,2433,6,107827,44,4,NULL
North,Thakurgaon,Birgonj,Golapgonj,8263,279,5713,173901000,151,991375,46376464,160,5668000,37,807000,0,0,65,1151000,123,2843000,63,1742000,51,2192000,0,0,5,475000,5,475000,2190,2,14126,35,5,NULL
North,Thakurgaon,Khansama,Khansama,1336,279,5532,203069000,329,3503402,43949520,82,3622000,22,538000,0,0,24,427000,50,1220000,28,813000,32,1335000,0,0,1,100000,1,100000,1974,6,63235,28,3,NULL
North,Thakurgaon,Pirgonj,Pirgonj,264,279,3821,110003000,225,2194436,25276406,59,2398000,35,820000,0,0,37,635000,52,1175000,20,590000,28,1163000,0,0,1,100000,1,100000,1757,2,23673,29,3,NULL
North,Thakurgaon,Thakurgaon,Ruhia,9185,279,4774,156256801,341,3449680,36126801,117,4534895,26,600000,1,9895,30,535000,71,1855000,47,1380000,45,1920000,0,0,0,0,0,0,2067,4,21440,38,2,NULL
North,Thakurgaon,Thakurgaon,Thakurgaon Sadar,263,279,4157,127215000,117,1166028,28792527,69,2754000,32,571000,0,0,46,712000,53,1165000,20,583000,21,910000,0,0,1,95000,1,95000,1920,NULL,NULL,30,4,NULL
North East,B.Baria-1,B.Baria Sadar,B.Baria Sadar,495,279,7564,446761194,624,10089677,107163806,63,4940000,57,3080000,0,0,15,300000,23,540000,8,240000,40,1940000,0,0,29,2890000,29,2890000,2848,2,164469,76,2,NULL
North East,B.Baria-1,Sarail,Sarail,196,279,5567,312261991,395,4774142,76151103,86,5695112,50,2440000,0,0,6,120000,23,615112,17,495112,56,2700000,0,0,15,1500000,15,1500000,2160,5,129801,54,3,NULL
North East,Hobigonj,Bahubal,Bahubal,493,279,4677,164343603,312,2653183,41831657,80,4221000,38,1130000,0,0,28,517000,51,1224000,25,727000,31,1347000,0,0,10,990000,10,990000,2081,1,5925,47,3,NULL
North East,Hobigonj,Madhabpur,Madhabpur,265,279,6987,417728000,836,12218562,119341737,100,7415000,84,4230000,0,0,11,210000,29,735000,18,525000,82,3930000,0,0,28,2790000,28,2790000,3014,9,336189,88,1,NULL
North West,Bogura-1,Bogura,Bagbari,9657,279,5607,277694000,169,1769758,63087779,105,6120000,69,3056000,2,10000,28,471000,44,1091000,24,700000,60,2755000,0,0,16,1600000,16,1600000,1928,7,118882,89,5,NULL
North West,Bogura-1,Bogura,Bogura Sadar,524,279,4216,189170000,535,6594802,48823804,43,2770000,49,2300000,0,0,7,115000,27,735000,22,640000,29,1340000,0,0,8,800000,8,800000,1776,20,419150,68,1,NULL
North West,Bogura-1,Mazira,Mazira,543,279,4049,194923000,589,11459175,42119144,44,2340000,35,1120000,0,0,19,320000,38,985000,24,715000,18,835000,0,0,5,500000,5,500000,1730,17,411051,40,1,NULL
North West,Bogura-1,Sherpur,Sherpur,241,279,5104,217408000,485,6467032,45625624,77,4080000,18,720000,0,0,10,190000,26,655000,16,465000,43,2015000,0,0,7,700000,7,700000,1904,19,345639,26,1,NULL
North West,Bogura-1,Sonka,Ranirhat,9175,279,5424,219630107,811,10050172,57038968,81,3910000,50,1810000,0,0,18,320000,43,1105000,28,815000,55,2475000,0,0,3,300000,3,300000,2135,16,245387,42,1,NULL
North West,Bogura-2,Adamdighi,Adamdighi,227,279,4915,197177894,402,4100139,39495416,70,3855000,17,670000,0,0,6,105000,24,645000,19,550000,34,1540000,0,0,9,900000,9,900000,1771,20,259252,16,2,NULL
North West,Bogura-2,Adamdighi,Chapapur,5862,279,4708,194155106,280,2731170,42554233,85,4880000,25,1050000,0,0,13,240000,34,855000,22,625000,37,1745000,0,0,5,500000,5,500000,1685,8,208046,24,3,NULL
North West,Bogura-2,Dupchachia,Dupchachia,557,279,4152,171717946,318,3817892,41167260,51,3235000,44,1740000,0,0,9,170000,27,695000,18,525000,40,1845000,0,0,3,290000,3,290000,1659,19,429094,46,2,NULL
North West,Bogura-2,Dupchachia,Zianagar,8444,279,4939,186867956,297,2689878,40784869,74,4106657,19,640000,0,0,9,136657,26,681657,20,575000,28,1235000,0,0,6,600000,6,600000,1807,22,272125,30,3,NULL
North West,Bogura-2,Kahaloo,Durgapur,542,279,4441,150720355,330,3529491,37236423,85,3865000,31,1135000,0,0,21,330000,45,1155000,30,885000,41,1855000,0,0,4,390000,4,390000,1786,8,89766,33,2,NULL
North West,Bogura-2,Kahaloo,Kahaloo,532,279,4096,146592542,354,3728189,30780658,58,2378294,19,465000,1,9903,19,360000,40,975000,22,625000,23,1020000,0,0,0,0,0,0,1589,14,243599,20,1,NULL
North West,Bogura-2,Nandigram,Nandigram,201,279,6164,238223000,809,10140434,58277986,93,4376000,31,1162000,0,0,15,286000,41,1028000,26,742000,53,2440000,0,0,3,300000,3,300000,2358,35,788479,42,1,NULL
North West,Bogura-2,Shibgonj (Bogura),Jamurhat,2351,279,3657,144257826,244,3382599,33835517,42,2262000,34,1387000,0,0,12,212000,28,689000,17,487000,26,1160000,0,0,7,700000,7,700000,1550,11,182111,32,2,NULL
North West,Bogura-2,Shibgonj (Bogura),Shibgonj,251,279,4504,193316879,375,3160884,36627130,51,3050000,17,695000,0,0,6,90000,13,345000,10,285000,21,1005000,0,0,6,600000,6,600000,1654,12,78956,23,2,NULL
North West,Bogura-3,Dhunat,Dhunat,9740,279,3830,152049031,316,3838679,38326081,70,3721000,24,915000,0,0,12,195000,30,760000,20,585000,32,1526000,0,0,5,490000,5,490000,1398,5,91922,20,2,NULL
North West,Bogura-3,Gabtoli,Gabtoli,5645,279,5941,251576921,547,4939007,55684853,91,4492016,41,1626000,0,0,23,390328,42,976073,22,615745,48,2201234,0,0,6,560709,6,560709,2203,20,304938,57,2,NULL
North West,Bogura-3,Sonatola,Sonatola,3783,279,5245,194152489,243,1609885,45542299,120,5719000,39,1560000,0,0,8,125000,37,1032000,32,937000,84,3742000,0,0,4,380000,4,380000,1901,10,123977,41,4,NULL
North West,Gaibandha,Gobindagonj,Gobindagonj,530,279,3613,135975000,96,783686,31225558,62,3308000,38,1410000,0,0,15,253000,31,773000,19,550000,37,1715000,0,0,4,400000,4,400000,1386,3,39000,50,5,NULL
North West,Gaibandha,Palashbari,Palashbari,517,279,4916,163875000,387,3481418,39750834,109,5203000,33,1040000,0,0,13,201000,39,1063000,31,912000,60,2695000,0,0,1,100000,1,100000,1866,8,140813,44,2,NULL
North West,Joypurhat,Akkelpur,Akkelpur,258,279,4153,197089016,307,3535981,42731192,81,5164508,15,470000,0,0,11,175000,20,525000,13,390000,31,1364827,0,0,8,789681,8,789681,1440,10,130468,16,2,NULL
North West,Joypurhat,Akkelpur,Jamalgonj,9179,279,3220,142521892,213,3539554,35715089,44,2472000,40,1735000,0,0,7,117000,20,527000,15,430000,38,1800000,0,0,6,580000,6,580000,1279,16,265603,33,2,NULL
North West,Joypurhat,Dhamurhat,Dhamuirhat,317,279,3774,134862128,380,3664325,32886100,52,2430000,36,1090000,0,0,18,325000,43,1105000,27,800000,26,1185000,0,0,0,0,0,0,1509,17,259181,36,1,NULL
North West,Joypurhat,Joypurhat,Joypurhat,259,279,4678,209452381,261,3428048,48154401,78,4252564,35,1360000,0,0,16,237000,24,607000,15,440000,50,2290564,0,0,6,580000,6,580000,1876,13,268661,35,3,NULL
North West,Joypurhat,Joypurhat,Monglabari,1359,279,4210,159974000,505,5257125,40797079,71,3447000,45,1494000,0,0,21,359000,44,1066000,25,727000,43,1910000,0,0,4,400000,4,400000,1783,22,303184,44,1,NULL
North West,Joypurhat,Kalai,Chatiani,1356,279,4793,161397003,428,3909288,38483855,86,3729000,45,1180000,0,0,35,550000,51,1200000,27,760000,44,1954000,0,0,1,100000,1,100000,1779,23,311464,50,2,NULL
North West,Joypurhat,Kalai,Kalai,260,279,5904,222969000,551,5646890,46121005,49,2660000,30,1170000,0,0,10,195000,21,520000,11,325000,37,1700000,0,0,5,480000,5,480000,1957,29,431229,29,1,NULL
North West,Joypurhat,Khetlal,Khetlal,1360,279,4183,126648000,536,5259128,28301986,35,1557000,10,255000,0,0,10,190000,21,525000,12,345000,11,477000,0,0,2,200000,2,200000,1520,18,280112,7,1,NULL
North West,Joypurhat,Panchbibi,Panchbibi,256,279,4391,153350226,272,2325033,33585412,67,3349000,31,985000,0,0,22,379000,47,1179000,29,840000,21,925000,0,0,8,780000,8,780000,1433,16,301806,34,3,NULL
North West,Naogaon-1,Badalgachi,Badalgachi,248,279,5991,270761000,476,4822692,66212440,101,5836000,41,2097000,0,0,15,260000,32,789000,20,559000,46,2167000,0,0,10,990000,10,990000,2003,25,303500,47,3,NULL
North West,Naogaon-1,Badalgachi,Paharpur,9110,279,4404,220133234,451,5934075,55515703,65,4440000,49,1941000,0,0,13,221000,30,711000,17,490000,49,2265000,0,0,7,700000,7,700000,1742,22,501478,52,1,NULL
North West,Naogaon-1,Naogaon Sadar,Naogaon Sadar,544,279,6063,242315000,665,7358169,63736042,99,4825000,50,1711000,0,0,22,366000,44,1088000,27,772000,67,3088000,0,0,2,200000,2,200000,2470,25,385253,57,1,NULL
North West,Naogaon-1,Raninagar,Raninagar,249,279,7227,271023000,481,5102796,69517842,146,6975000,47,1710000,0,0,29,530000,77,2005000,51,1505000,64,2905000,0,0,9,900000,9,900000,2741,16,280403,42,3,NULL
North West,Naogaon-2,Manda,Manda,564,279,7056,326015001,601,9085142,82289403,130,6279000,45,1595000,0,0,36,562000,59,1384000,33,922000,61,2790000,0,0,7,700000,7,700000,2731,26,505835,55,1,NULL
North West,Naogaon-2,Mohadebpur,Mohadebpur,239,279,6141,237180000,421,5066117,53315675,85,3945000,45,1660000,0,0,22,400000,49,1165000,27,765000,52,2350000,0,0,1,100000,1,100000,2144,13,173277,45,2,NULL
North West,Naogaon-2,Niamotpur,Niamotpur,333,279,6597,275189000,525,6598116,60117062,112,5325000,45,1515000,0,0,20,360000,67,1740000,49,1400000,50,2275000,0,0,3,300000,3,300000,2280,19,292095,50,1,NULL
North West,Naogaon-2,Patnitola,Patnitola,250,279,5416,257822000,791,10761650,59355323,83,4574000,46,1790000,0,0,15,260000,38,985000,26,755000,49,2239000,0,0,8,800000,8,800000,2160,30,582824,49,1,NULL
North West,Sirajgonj-1,Kazipur,Kazipur,5648,279,5294,208847000,304,3582672,47990035,62,3255000,36,1533000,1,8000,13,230000,30,780000,20,580000,35,1640000,0,0,6,600000,6,600000,1821,6,182175,37,3,NULL
North West,Sirajgonj-1,Roygonj,Roygonj,956,279,4852,175524000,253,2798172,38243565,74,3694000,47,1720000,0,0,25,440000,42,1000000,21,600000,48,2175000,0,0,8,790000,8,790000,1632,11,174451,44,3,NULL
North West,Sirajgonj-1,Sirajgonj Sadar,Sirajgonj Sadar,520,279,4892,177038135,452,4542432,39658645,66,3431000,40,1285000,0,0,17,271000,36,916000,24,695000,39,1780000,0,0,7,700000,7,700000,1878,18,228385,44,1,NULL
North West,Sirajgonj-1,Solanga,Salanga,5654,279,4472,157271000,237,2593673,38359080,75,3230000,40,1430000,0,0,26,470000,56,1395000,32,945000,36,1615000,0,0,5,500000,5,500000,1599,8,152394,49,3,NULL
North West,Sirajgonj-1,Tarash,Tarash,955,279,5508,211705580,360,4018566,53822832,125,5650000,41,1292000,0,0,32,555000,79,1962000,51,1447000,43,1925000,0,0,5,490000,5,490000,2052,16,356676,30,3,NULL
North West,Sirajgonj-2,Shahjadpur-1,Shahjadpur,538,279,4717,241013564,379,5240839,48820557,76,4525672,32,1280000,2,13288,14,268000,34,842384,20,574384,34,1605000,0,0,10,1000000,10,1000000,1756,13,268287,35,1,NULL
North West,Sirajgonj-2,Ullapara,Ullapara,541,279,5416,213678000,399,4912040,50063872,85,4205000,37,1407000,2,10000,23,342000,35,887000,22,645000,38,1770000,0,0,9,900000,9,900000,1970,12,214510,35,2,NULL
South,Barguna,Amtoli,Amtoli,323,279,6326,281032769,822,8372896,74783481,128,7158919,71,2690000,0,0,12,206658,49,1326658,38,1130000,86,3860000,0,0,7,690000,7,690000,2608,12,239766,103,1,NULL
South,Barguna,Barguna,Barguna Sadar,322,279,6255,247197099,624,6300786,61765303,65,3394065,98,3880000,0,0,11,209065,47,1269065,36,1060000,90,3965000,0,0,3,290000,3,290000,2451,5,91891,118,2,NULL
South,Barguna,Bhandaria,Bhandaria,173,279,5225,198550831,520,4308916,49501505,51,2655000,44,1505000,0,0,18,345000,43,1090000,26,755000,31,1405000,0,0,6,580000,6,580000,2345,7,140442,57,2,NULL
South,Barguna,Bhandaria,Kathalia,1273,279,4519,191005066,522,5378993,49950235,65,3515000,25,1065000,0,0,11,190000,26,680000,18,520000,31,1465000,0,0,7,700000,7,700000,1862,8,119374,36,1,NULL
South,Barguna,Kalapara,Kalapara,331,279,6252,262163000,635,6614509,56827155,79,4707000,57,1640000,0,0,6,115000,67,1842000,61,1727000,37,1675000,0,0,8,770000,8,770000,2810,3,50307,65,1,NULL
South,Barguna,Patharghata,Patharghata,373,279,5347,219246774,483,4192198,54127040,79,4659000,63,2410000,0,0,18,319000,44,1124000,28,825000,56,2540000,0,0,15,1500000,15,1500000,2332,6,83270,76,3,NULL
South,Faridpur,Faridpur Sadar,Faridpur Sadar,479,279,5799,259524626,669,6521584,57904319,65,3771000,38,1680000,0,0,21,335000,31,750000,17,485000,31,1416000,0,0,11,1080000,11,1080000,2319,7,166718,58,1,NULL
South,Faridpur,Faridpur Sadar,Khalilpur,5737,279,5332,242389805,616,6038005,58768891,78,5057000,33,1327000,0,0,16,237000,23,549000,13,372000,40,1850000,0,0,3,300000,3,300000,2405,9,356297,38,2,NULL
South,Faridpur,Modhukhali,Kamarkhali,5698,279,4486,206419975,263,2362875,47768272,86,4480000,32,1835000,1,7000,17,238000,31,798000,22,640000,41,1910000,0,0,11,1100000,11,1100000,1627,2,17903,37,4,NULL
South,Faridpur,Modhukhali,Modhukhali Sadar,484,279,4557,212141408,458,4613247,48176096,74,4410000,20,825000,0,0,20,341000,38,905000,21,594000,14,630000,0,0,10,1000000,10,1000000,1684,4,120333,23,2,NULL
South,Faridpur,Nagarkanda,Nagarkanda,5630,279,5295,250453000,532,7534434,58684651,82,5610000,22,930000,0,0,13,225000,24,585000,13,380000,33,1540000,0,0,11,1100000,11,1100000,1949,9,208465,23,1,NULL
South,Faridpur,Nagarkanda,Talma,514,279,4490,241111574,384,5515391,56542424,83,5544438,18,840000,1,9246,17,290000,32,760000,17,490000,25,1186159,0,0,14,1390000,14,1390000,1592,5,132999,24,2,NULL
South,Faridpur,Saltha,Kaderdi,505,279,4773,194038597,605,6666277,39751197,45,2755000,33,1265000,0,0,14,230000,23,570000,13,380000,22,980000,0,0,6,600000,6,600000,1834,2,26616,48,1,NULL
South,Gopalgonj,Batikamari,Charproshonnadi,5606,279,4910,238995687,351,4041951,60820136,63,3915000,37,1575000,0,0,11,190000,27,695000,18,525000,39,1865000,0,0,7,700000,7,700000,1949,1,39509,41,3,NULL
South,Gopalgonj,Boalmari,Boalmari,474,279,4288,167861849,389,2933177,36252681,45,2012000,31,1000000,0,0,23,370000,27,630000,11,330000,24,1075000,0,0,2,200000,2,200000,1635,5,49894,32,3,NULL
South,Madaripur-1,Madaripur,Madaripur Sadar,563,279,6157,380264540,458,6459762,98548591,136,8421621,36,1830000,3,22186,22,360071,43,955822,22,605751,42,2011258,0,0,27,2681446,27,2681446,2341,2,50240,50,3,NULL
South,Madaripur-1,Rajoir,Rajoir,5611,279,4694,210655366,453,6374403,49228775,50,3125000,37,1530000,0,0,13,240000,20,465000,8,235000,34,1580000,0,0,6,590000,6,590000,1851,8,229638,44,1,NULL
South,Madaripur-2,Bhanga,Bhanga,523,279,6673,355677226,435,4877217,86506786,91,6120000,61,3060000,0,0,12,200000,27,715000,19,555000,56,2675000,0,0,19,1900000,19,1900000,2539,7,148388,74,3,NULL
South,Madaripur-2,Shibchar,Shibchar,5610,279,5819,289732952,459,4946567,70884944,56,3327000,44,1870000,0,0,10,185000,30,794000,21,619000,38,1830000,0,0,5,500000,5,500000,2204,3,38345,55,3,NULL
South,Patuakhali,Bakergonj,Bakergonj,176,279,3291,133649366,406,4225277,32793853,35,1898555,41,1460000,0,0,7,115000,27,738555,22,643555,31,1430000,0,0,2,200000,2,200000,1510,2,12594,42,1,NULL
South,Patuakhali,Mirzagonj,Betagi,375,279,5358,205553192,592,6195520,44848895,40,1940000,46,1460000,0,0,21,380000,45,1175000,28,835000,20,905000,0,0,4,400000,4,400000,2052,3,62601,58,1,NULL
South,Patuakhali,Mirzagonj,Mirzagonj,376,279,5064,219248663,493,5952165,53756424,65,3324077,46,1775000,0,0,14,237802,41,1061293,28,833491,42,1944061,0,0,6,590000,6,590000,1920,3,48754,53,1,NULL
South,Patuakhali,Patuakhali,Dumki,2274,279,3894,173016445,536,5460567,45712955,46,2585000,27,1220000,0,0,3,60000,15,410000,12,350000,41,1960000,0,0,2,200000,2,200000,1781,2,59273,31,1,NULL
South,Patuakhali,Patuakhali,Patuakhali Sadar,174,279,5219,220103876,665,7198406,56458584,89,5750000,43,1575000,0,0,11,205000,34,900000,24,705000,51,2255000,0,0,12,1180000,12,1180000,2168,2,67981,47,1,NULL
South,Pirojpur,Jhalokathi,Jhalokathi,558,279,7030,292055960,1105,13004501,77112929,79,3953272,89,3491000,1,5000,32,543000,67,1674272,42,1201272,58,2755000,0,0,11,1090000,11,1090000,3022,9,167789,109,1,NULL
South,Pirojpur,Nazirpur,Nazirpur,1487,279,6856,228173407,849,7365482,46166770,73,3095000,40,1255000,1,5000,23,400000,51,1300000,33,950000,40,1775000,0,0,1,100000,1,100000,2552,3,97016,46,1,NULL
South,Pirojpur,Pirojpur,Kawkhali,1272,279,4814,190111307,601,6426718,48276871,58,2840000,35,1172000,0,0,12,212000,29,732000,19,540000,41,1720000,0,0,3,300000,3,300000,2021,13,220260,37,1,NULL
South,Pirojpur,Pirojpur,Pirojpur Sadar,172,279,6165,237852932,885,8681922,63712869,85,4070000,42,1370000,0,0,21,365000,49,1230000,32,905000,44,2010000,0,0,3,300000,3,300000,2717,5,100853,41,1,NULL
South,Pirojpur,Rajapur,Bamna,2273,279,6594,262192386,419,3009804,59447710,90,4651000,38,1195000,0,0,23,400000,39,930000,20,570000,50,2186000,0,0,10,990000,10,990000,2539,3,40344,63,4,NULL
South,Pirojpur,Rajapur,Rajapur,178,279,3842,151814727,408,3881244,42172348,44,2241000,44,1650000,1,5000,12,206000,36,936000,26,750000,35,1650000,0,0,10,1000000,10,1000000,1685,2,15849,53,2,NULL
South West,Bagerhat,Bagerhat,Bagerhat Sadar,214,279,6122,274493902,867,12429926,70585084,97,5288607,63,2204000,1,6448,18,310000,60,1546000,44,1256000,55,2530984,0,0,8,780000,8,780000,2516,7,183986,65,1,NULL
South West,Bagerhat,Kachua,Daibaghati,1486,279,5543,227650000,460,4243005,58407619,96,5460000,56,2420000,0,0,15,260000,34,845000,21,605000,67,2975000,0,0,6,590000,6,590000,2239,5,48942,63,3,NULL
South West,Bagerhat,Kachua,Kachua,5634,279,6521,281180000,696,8036665,68544379,95,5124000,62,2267000,0,0,27,474000,53,1309000,30,875000,56,2532000,0,0,4,400000,4,400000,2563,4,34369,67,1,NULL
South West,Bagerhat,Morolgonj,Saronkhola,3644,279,5911,234042593,526,5547236,59443734,89,4655000,65,2235000,0,0,18,345000,54,1400000,37,1065000,69,3100000,0,0,4,400000,4,400000,2425,8,157370,59,2,NULL
South West,Bagerhat,Rampal,Rampal,3643,279,3510,108411120,509,3861975,28294364,30,1115000,46,1122000,0,0,37,642000,46,982000,14,390000,21,935000,0,0,0,0,0,0,1635,1,23845,44,1,NULL
South West,Chuadanga,Alamdanga,Alamdanga,283,279,5533,222605000,339,3458734,45875964,58,3211000,48,1860000,0,0,19,326000,40,976000,24,680000,30,1390000,0,0,8,780000,8,780000,1956,1,10337,64,3,NULL
South West,Chuadanga,Chuadanga Sadar,Chuadanga Sadar,498,279,4794,185030000,225,1886157,35125903,49,2571000,50,1850000,0,0,14,241000,32,836000,21,625000,39,1685000,0,0,4,400000,4,400000,1595,2,17835,48,3,NULL
South West,Chuadanga,Chuadanga Sadar,Sorajgong,341,279,5829,260239000,220,2915646,58826863,89,5250000,45,1832000,2,10000,23,360000,31,725000,15,435000,54,2487000,0,0,12,1200000,12,1200000,1966,3,52593,41,4,NULL
South West,Chuadanga,Damurhuda,Damurhuda,526,279,5908,268271259,334,3651473,55147086,82,4519000,54,2082000,0,0,21,365000,44,1041000,25,696000,58,2705000,0,0,3,300000,3,300000,2154,1,18289,62,3,NULL
South West,Chuadanga,Jibonnagar,Jiban Nagar,504,279,6731,253388187,178,2255628,52100855,77,4459000,62,2277000,0,0,24,401000,58,1456000,38,1095000,41,1915000,0,0,5,500000,5,500000,2083,4,95097,68,4,NULL
South West,Jashore,Choramonkhati,Choramonkhati,554,279,4773,202781000,520,4990928,44421682,37,2265000,53,2120000,0,0,15,255000,27,665000,15,440000,36,1715000,0,0,6,600000,6,600000,2000,5,116210,65,1,NULL
South West,Jashore,Choramonkhati,Khajura,1386,279,4922,203920000,933,11472845,49352182,29,1677000,14,590000,0,0,7,122000,15,377000,9,265000,14,610000,0,0,4,400000,4,400000,2162,2,44779,19,1,NULL
South West,Jashore,Chowgacha,Chowgacha,497,279,5120,212300000,431,3528237,48804044,50,2858000,58,2250000,0,0,22,420000,39,903000,17,483000,50,2325000,0,0,5,500000,5,500000,2148,2,10552,58,3,NULL
South West,Jashore,Chowgacha,Salua Bazar,8103,279,5688,250334159,263,2627987,58229974,86,5100000,55,2285000,0,0,25,455000,51,1225000,27,780000,46,2195000,0,0,12,1200000,12,1200000,2202,3,87486,49,4,NULL
South West,Jashore,Jashore,Jashore Sadar,481,279,4662,164761656,449,4713718,36155106,38,2049000,29,852000,0,0,14,234000,27,654000,15,440000,27,1242000,0,0,3,300000,3,300000,2227,3,49999,28,1,NULL
South West,Jashore,Jhikorgacha,Jhikorgacha,404,279,3486,136471000,422,4917767,31463865,35,2152000,30,1150000,0,0,11,191000,19,452000,10,281000,28,1290000,0,0,4,400000,4,400000,1704,1,22255,36,1,NULL
South West,Jashore,Monirampur,Monirampur,459,279,4395,198450496,479,5193119,43386905,43,2150000,31,1077000,0,0,11,205000,29,717000,18,512000,31,1370000,0,0,5,500000,5,500000,1704,2,14933,35,1,NULL
South West,Jashore,Monirampur,Rajgonj,464,279,3534,154467000,287,2307962,37731185,58,3575000,34,1500000,0,0,17,295000,29,710000,16,455000,28,1365000,0,0,8,800000,8,800000,1449,NULL,NULL,38,3,NULL
South West,Jashore,Sharsha,Sharsha,284,279,5644,239312302,836,10633714,51851439,74,3576000,48,1486000,0,0,24,437000,55,1332000,31,895000,51,2380000,0,0,8,800000,8,800000,2280,6,173803,48,1,NULL
South West,Jhenaidha,Dakbanglabazar,Dakbanglabazar,477,279,4020,205238000,136,1793490,43107876,42,3330000,28,1401000,0,0,7,99000,13,321000,9,252000,24,1170000,0,0,13,1300000,13,1300000,1550,2,53634,36,4,NULL
South West,Jhenaidha,Horinakundu,Harinakundo,502,279,4468,204420000,210,2806822,43853052,60,3761000,22,854000,1,6000,12,181000,23,578000,15,437000,25,1108000,0,0,6,600000,6,600000,1385,4,87283,29,3,NULL
South West,Jhenaidha,Jhenaidha,Jhenaidha Sadar,482,279,3911,159272000,404,4478675,35281188,31,1430000,27,1075000,0,0,9,130000,23,580000,17,480000,21,965000,0,0,4,400000,4,400000,1781,5,91980,34,1,NULL
South West,Jhenaidha,Kaligonj,Kaligonj,506,279,4446,186440000,210,2429114,39817761,52,2830000,36,1417000,0,0,19,332000,33,767000,16,455000,32,1520000,0,0,5,500000,5,500000,1864,2,29712,35,3,NULL
South West,Jhenaidha,Kotchandpur,Kotchandpur,476,279,4327,185844618,294,3518677,38223882,32,1644000,40,1617000,0,0,12,177000,21,506000,13,369000,32,1495000,0,0,5,500000,5,500000,1848,5,58799,38,2,NULL
South West,Jhenaidha,Moheshpur,Moheshpur,486,279,4433,196203740,318,3361476,40974535,51,2787000,40,1660000,0,0,14,240000,28,685000,16,465000,36,1672000,0,0,6,600000,6,600000,1842,6,55943,39,3,NULL
South West,Khulna-1,Fultala,Fultala,223,279,2051,70209000,115,1245607,13424247,23,945000,9,270000,0,0,8,150000,20,490000,12,340000,6,265000,0,0,2,190000,2,190000,868,6,50081,12,2,NULL
South West,Khulna-2,Batiaghata,Batiaghata,379,279,7010,267387570,733,6694721,58840438,113,5027000,43,1191000,1,7000,34,586000,67,1661000,39,1135000,61,2635000,0,0,1,100000,1,100000,2783,10,177678,35,1,NULL
South West,Khulna-2,Batiaghata,Dacope,1493,279,4709,176144499,698,7428796,47336853,106,4953000,29,865000,0,0,17,290000,46,1200000,33,950000,56,2500000,0,0,5,500000,5,500000,1942,3,47847,30,1,NULL
South West,Khulna-2,Dumuria,Dumuria,222,279,7350,289046000,982,9639354,61533582,65,2997000,80,2821000,1,7000,33,576000,70,1731000,42,1205000,43,1950000,0,0,6,600000,6,600000,2791,2,26983,98,1,NULL
South West,Khulna-2,Paikgacha,Paikgacha,349,279,7885,278534000,1062,9728134,61771804,109,4960000,31,895000,0,0,22,400000,63,1580000,42,1190000,48,2165000,0,0,7,700000,7,700000,3320,10,290898,38,1,NULL
South West,Khulna-2,Tala,Tala,207,279,5288,183479000,624,4815318,41943245,55,2262000,41,1185000,1,5000,34,595000,55,1325000,28,800000,16,702000,0,0,6,600000,6,600000,2156,4,53767,54,1,NULL
South West,Magura,Hatfazilpur,Hatgopalpur,339,279,4621,183436000,342,4138112,45778015,65,4430000,41,1332000,0,0,21,325000,28,672000,15,427000,34,1495000,0,0,15,1500000,15,1500000,1910,3,57665,45,2,NULL
South West,Magura,Magura,Magura Sadar,485,279,3659,140179809,212,1700312,32681591,66,3227021,39,1191000,4,26628,28,439297,40,891393,18,512096,31,1445000,0,0,2,200000,2,200000,1681,2,16387,40,4,NULL
South West,Magura,Shalikha,Shalikha,181,279,3928,164028000,343,3991012,37667907,72,3805000,22,795000,1,8000,22,372000,29,672000,12,350000,32,1520000,0,0,4,400000,4,400000,1606,NULL,NULL,27,1,NULL
South West,Magura,Sreepur,Sreepur,568,279,3131,129393000,219,3464790,31894274,38,1749000,53,2020000,1,5000,25,408000,33,741000,14,393000,34,1630000,0,0,2,200000,2,200000,1500,3,46031,58,2,NULL
South West,Meherpur,Bamundi,Bamundi,1280,279,3877,169411000,184,2290595,40117472,54,3422000,62,2635000,0,0,20,337000,38,917000,22,620000,37,1750000,0,0,9,900000,9,900000,1537,2,38853,72,3,NULL
South West,Meherpur,Gangni,Gangni,180,279,6348,286494000,474,7087824,68801161,78,4678000,79,3563000,0,0,23,379000,49,1224000,31,895000,54,2400000,0,0,13,1300000,13,1300000,2467,4,107604,85,2,NULL
South West,Meherpur,Meherpur,Maherpur-1,179,279,5275,214688000,412,4283033,54593377,76,4190000,88,3737000,0,0,14,245000,44,1132000,31,897000,71,3340000,0,0,3,300000,3,300000,2304,4,54520,84,3,NULL
South West,Meherpur,Mojib Nagar,Mojib Nagar,1279,279,5894,244414000,215,1798604,49866272,68,4165000,43,2033000,0,0,21,323000,32,743000,16,470000,35,1635000,0,0,15,1500000,15,1500000,1849,2,31260,60,4,NULL
South West,Narail,Avaynagar,Avaynagor,285,279,2397,85725000,265,2989544,19930477,24,1210000,32,1245000,0,0,10,175000,20,515000,12,360000,25,1115000,0,0,1,100000,1,100000,1176,3,77034,33,1,NULL
South West,Narail,Bagarpara,Bagarpara,286,279,4207,152956000,272,3331412,31742093,52,3060000,27,990000,0,0,16,204000,25,587000,17,463000,22,988000,0,0,7,665000,7,665000,1770,1,22907,25,2,NULL
South West,Narail,Kalia,Kalia,5631,279,5675,218677352,220,2071927,51304001,70,3105000,76,3010000,0,0,34,605000,55,1310000,26,755000,58,2705000,0,0,6,590000,6,590000,2153,1,392,78,4,NULL
South West,Narail,Narail Sadar,Narail Sadar,209,279,4259,159435000,208,2119412,28787369,50,2523000,29,1030000,0,0,19,319000,25,580000,11,311000,30,1383000,0,0,5,500000,5,500000,1886,2,8480,34,3,NULL
South West,Rajbari-1,Ahaladipur,Ahaladipur,411,279,4325,216986000,312,4487983,51388335,37,2300000,23,955000,0,0,8,145000,15,350000,7,205000,25,1230000,0,0,2,200000,2,200000,1762,2,33374,37,2,NULL
South West,Rajbari-1,Baharpur,Ramdia,5775,279,4055,185403000,307,4199631,44004039,56,3046000,38,1835000,0,0,19,306000,21,456000,7,200000,37,1715000,0,0,9,890000,9,890000,1553,3,37576,43,2,NULL
South West,Rajbari-1,Rajbari Sadar,Rajbari Sadar-1,463,279,4235,203042000,147,1693590,48692145,59,3641000,38,1650000,1,5000,6,115000,21,540000,15,425000,39,1840000,0,0,7,690000,7,690000,1896,3,83147,41,5,NULL
South West,Rajbari-2,Baliakandi,Baliakandi,471,279,3602,159358000,212,2516728,38829308,54,3060000,37,1735000,0,0,15,275000,33,830000,20,575000,27,1245000,0,0,13,1290000,13,1290000,1450,3,10470,41,3,NULL
South West,Rajbari-2,Kalukhali,Kalukhali,5628,279,4685,203213000,197,1442489,46949733,57,3197000,53,2070000,1,5000,20,317000,35,847000,20,580000,37,1715000,0,0,14,1380000,14,1380000,1737,2,23742,58,5,NULL
South West,Rajbari-2,Mrigee,Mrigee Bazar,5629,279,2954,113106000,268,3046403,23469410,31,1530000,28,965000,0,0,14,220000,25,625000,15,445000,19,900000,0,0,3,300000,3,300000,1234,1,2381,50,1,NULL
South West,Rajbari-2,Pangsha,Pangsha-1,5627,279,6441,323275977,554,8213373,75713083,72,4635000,56,2330000,0,0,18,340000,38,935000,21,605000,45,2060000,0,0,9,900000,9,900000,2402,11,216774,67,1,NULL
South West,Satkhira,Asasuni,Asasuni,1305,279,4348,156350754,581,4796656,36083237,70,3430000,41,1220000,0,0,18,315000,49,1285000,35,1010000,39,1750000,0,0,6,600000,6,600000,1822,7,56152,47,1,NULL
South West,Satkhira,Kaligonj,Kaligonj,381,279,6224,234842209,453,5385866,52549108,105,5657502,77,2585000,0,0,32,548078,72,1828078,46,1340000,65,2920881,0,0,12,1180000,12,1180000,2427,4,35617,89,2,NULL
South West,Satkhira,Kolaroa,Kolaroa,419,279,5058,231138000,545,7277755,50179501,63,3777000,38,1511000,0,0,14,230000,23,525000,11,315000,42,1958000,0,0,7,700000,7,700000,2058,5,195346,45,1,NULL
South West,Satkhira,Satkhira Sadar,Sathkhira Sadar,450,279,6547,264741297,186,1712093,63083811,127,6407000,68,2355000,0,0,38,637000,58,1377000,28,820000,81,3765000,0,0,6,590000,6,590000,2525,2,17986,79,5,NULL
South West,Satkhira,Shyamnagar,Shyamnagar,1488,279,7431,305531161,305,3552043,73853145,145,7015792,71,1991000,1,5792,52,870000,90,2206000,50,1456000,65,2900000,0,0,11,1100000,11,1100000,2935,6,91384,78,4,NULL
West,C.N. Gonj,C.N. Gonj,C.N. Gonj,435,279,5839,260970030,659,8071249,62957052,95,4847000,71,2912000,0,0,24,409000,38,856000,17,477000,87,4118000,0,0,1,100000,1,100000,2450,6,80836,68,1,NULL
West,C.N. Gonj,Gomostapur,Gomostapur-1,5641,279,5477,252868000,751,10468454,61080972,57,3270000,63,2502000,0,0,20,347000,45,1132000,28,815000,37,1770000,0,0,8,800000,8,800000,2357,10,246422,62,1,NULL
West,C.N. Gonj,Nachole,Nachole,5642,279,4103,173056000,254,3287991,39245150,84,4119000,37,1390000,0,0,23,372000,41,994000,24,682000,38,1800000,0,0,3,300000,3,300000,1655,3,58713,35,2,NULL
West,C.N. Gonj,Shibgonj,Shibgonj Sadar,567,279,5423,259004367,341,4212655,57934067,84,4716000,51,1799000,0,0,22,363000,51,1295000,33,972000,48,2200000,0,0,9,900000,9,900000,2130,2,20130,67,3,NULL
West,Kushtia-1,Bittipara,Bittipara,473,279,3271,124633000,228,1629459,26209762,51,2372000,29,1050000,0,0,19,312000,25,577000,11,315000,34,1570000,0,0,5,500000,5,500000,1373,2,15289,31,3,NULL
West,Kushtia-1,Garagonj,Garagonj,539,279,3604,153299202,206,2497335,37750481,53,3295000,29,1050000,0,0,18,298000,28,643000,13,375000,22,997000,0,0,9,900000,9,900000,1675,2,27127,40,3,NULL
West,Kushtia-1,Garagonj,Shailkupa,1238,279,4517,178973440,155,2074234,44328460,86,4707293,40,1780000,0,0,14,209000,34,887293,25,728293,48,2225000,0,0,5,500000,5,500000,1788,1,29167,48,4,NULL
West,Kushtia-1,Kushtia Sadar,Kustia Sadar,483,279,3839,150873287,319,3661727,34736220,44,2375000,45,1491000,0,0,14,225000,36,936000,25,741000,34,1570000,0,0,5,490000,5,490000,1764,3,48238,42,2,NULL
West,Kushtia-2,Bheramara,Bheramara-1,571,279,4060,163120000,195,2749669,34177069,47,2356000,26,1025000,0,0,13,221000,31,786000,20,585000,16,725000,0,0,6,595000,6,595000,1590,1,6464,31,3,NULL
West,Kushtia-2,Mirpur,Halsha,1155,279,4611,205540031,244,3459348,44886001,82,4820000,40,1282000,0,0,27,437000,42,1002000,22,635000,30,1415000,0,0,11,1100000,11,1100000,1564,6,118151,46,3,NULL
West,Kushtia-2,Mirpur,Mirpur,281,279,4363,172669000,472,6716732,38366383,50,2265000,41,1447000,0,0,21,332000,40,977000,25,705000,26,1165000,0,0,3,300000,3,300000,1796,4,154696,41,1,NULL
West,Natore,Baraigram,Baraigram,2478,279,4526,184101000,248,3307487,44544900,71,3370000,39,1310000,0,0,29,465000,41,950000,20,565000,36,1620000,0,0,5,490000,5,490000,1722,5,76727,38,3,NULL
West,Natore,Bonpara,Bonpara,454,279,3607,139307783,213,2865628,31655600,33,1868000,25,1100000,0,0,6,106000,15,388000,10,292000,26,1235000,0,0,4,400000,4,400000,1432,1,5364,35,2,NULL
West,Natore,Gurudaspur,Gurudaspur,279,279,4563,172968000,299,2939378,36482494,83,3489000,24,830000,2,12000,22,330000,35,832000,20,572000,46,2055000,0,0,5,500000,5,500000,1673,NULL,NULL,23,3,NULL
West,Natore,Natore Sadar,Natore,461,279,4316,184411525,260,2841305,45892655,71,4204000,53,1770000,0,0,30,492000,46,1039000,21,597000,45,2055000,0,0,4,400000,4,400000,1973,1,24283,81,3,NULL
West,Natore,Singra,Singra,278,279,5417,222873005,277,2983199,48039015,85,3773000,40,1395000,0,0,27,433000,48,1148000,27,775000,47,2160000,0,0,2,200000,2,200000,2096,3,80543,52,3,NULL
West,Pabna-1,Dasuria,Dashuria,499,279,3768,190445000,497,8409782,46130468,45,2948000,26,1215000,0,0,7,123000,17,438000,11,325000,20,920000,0,0,5,490000,5,490000,1690,1,16065,11,1,NULL
West,Pabna-1,Pabna Sadar,Pabna Sadar,408,279,4622,224771863,211,2421330,48060672,60,4020000,51,2572000,0,0,13,202000,30,777000,21,615000,33,1545000,0,0,12,1190000,12,1190000,1825,NULL,NULL,58,4,NULL
West,Pabna-1,Sujanagar,Sujanagar,280,279,6083,270198173,384,4241013,64463034,93,4541702,52,1867000,0,0,28,441000,50,1247702,32,906702,49,2285000,0,0,7,700000,7,700000,2213,2,33454,48,3,NULL
West,Pabna-2,Ataikula,Ataikula,492,279,4771,229169429,128,1629351,52709993,103,5889000,26,822000,0,0,29,466000,45,1061000,22,655000,31,1370000,0,0,14,1380000,14,1380000,1689,NULL,NULL,33,5,NULL
West,Pabna-2,Kashinathpur,Kashinathpur,472,279,4103,166977418,399,4623402,41610925,61,3240322,42,1600000,1,9693,19,314834,36,889834,21,615000,34,1650795,0,0,6,600000,6,600000,1719,5,73323,47,1,NULL
West,Pabna-2,Santhia,Santhia,465,279,3677,145830077,191,2437065,38321766,70,3455000,31,1220000,0,0,16,285000,37,950000,23,685000,31,1373000,0,0,3,300000,3,300000,1511,1,12479,41,3,NULL
West,Pabna-3,Atghoria,Atghoria,451,279,5252,338943000,174,3749672,71059491,102,8190000,38,1768000,3,15000,22,343000,32,713000,15,420000,41,1870000,0,0,23,2260000,23,2260000,1828,1,30878,48,3,NULL
West,Pabna-3,Bhangura,Bhangura,371,279,4780,249808000,243,3049523,53193615,80,4565000,51,2000000,0,0,19,275000,34,905000,25,730000,56,2585000,0,0,8,800000,8,800000,1845,3,34933,56,3,NULL
West,Pabna-3,Chatmohar,Chatmohar,401,279,6475,332636171,591,11015099,77869005,101,6422000,53,2125000,0,0,18,320000,40,990000,24,690000,65,3047000,0,0,9,900000,9,900000,2468,10,219412,55,1,NULL
West,Pabna-3,Faridpur (Pabna),Faridpur,370,279,4826,259225846,256,3304397,58835938,78,5470000,26,935000,0,0,12,200000,30,785000,21,615000,29,1305000,0,0,9,870000,9,870000,1785,1,39607,34,3,NULL
West,Rajshahi-1,Mohanpur,Mohonpur,536,279,5016,220898712,413,5378415,56195212,76,3805000,48,1721000,0,0,18,291000,46,1146000,31,885000,45,2005000,0,0,4,390000,4,390000,1993,4,68570,57,2,NULL
West,Rajshahi-1,Poba,Poba,516,279,3687,149850697,183,2268079,35597554,37,1580000,38,1230000,0,0,19,340000,36,865000,19,545000,29,1355000,0,0,1,100000,1,100000,1510,1,27621,40,3,NULL
West,Rajshahi-1,Tanore,Tanore,277,279,5330,227883781,499,6310651,56906718,85,4114000,73,2374000,0,0,33,561000,64,1528000,36,1017000,57,2620000,0,0,3,300000,3,300000,2239,8,143491,74,1,NULL
West,Rajshahi-2,Durgapur,Durgapur,478,279,3825,151560668,330,4465443,37358486,52,2393250,41,1394000,0,0,17,289963,38,940963,24,681000,35,1621287,0,0,1,100000,1,100000,1576,2,27320,44,1,NULL
West,Rajshahi-2,Puthia,Putia,489,279,4003,158044000,316,4729577,37949247,43,2044000,44,1290000,0,0,24,402000,37,857000,17,495000,32,1407000,0,0,1,100000,1,100000,1782,4,107742,47,1,NULL
